{
  "stats": {
    "test_league": {
      "OVER": {
        "bets": 150,
        "wins": 75,
        "profit": -7.4999999999999964,
        "roi": -0.05,
        "returns": [
          -1.0,
          -1.0,
          0.8999999999999999,
          0.8999999999999999,
          0.8999999999999999,
          -1.0,
          -1.0,
          -1.0,
          0.8999999999999999,
          0.8999999999999999,
          0.8999999999999999,
          -1.0,
          -1.0,
          0.8999999999999999,
          -1.0,
          0.8999999999999999,
          0.8999999999999999,
          -1.0,
          -1.0,
          -1.0,
          0.8999999999999999,
          0.8999999999999999,
          0.8999999999999999,
          -1.0,
          -1.0,
          -1.0,
          0.8999999999999999,
          0.8999999999999999,
          0.8999999999999999,
          -1.0,
          -1.0,
          -1.0,
          0.8999999999999999,
          0.8999999999999999,
          0.8999999999999999,
          -1.0,
          -1.0,
          -1.0,
          0.8999999999999999,
          0.8999999999999999,
          -1.0,
          0.8999999999999999,
          -1.0,
          0.8999999999999999,
          -1.0,
          0.8999999999999999,
          -1.0,
          0.8999999999999999,
          -1.0,
          0.8999999999999999,
          -1.0,
          0.8999999999999999,
          -1.0,
          0.8999999999999999,
          -1.0,
          0.8999999999999999,
          -1.0,
          0.8999999999999999,
          -1.0,
          0.8999999999999999,
          -1.0,
          0.8999999999999999,
          -1.0,
          0.8999999999999999,
          -1.0,
          0.8999999999999999,
          -1.0,
          0.8999999999999999,
          -1.0,
          0.8999999999999999,
          0.8999999999999999,
          -1.0,
          -1.0,
          -1.0,
          0.8999999999999999,
          0.8999999999999999,
          0.8999999999999999,
          -1.0,
          -1.0,
          0.8999999999999999,
          -1.0,
          0.8999999999999999,
          0.8999999999999999,
          -1.0,
          -1.0,
          0.8999999999999999,
          0.8999999999999999,
          -1.0,
          -1.0,
          -1.0,
          0.8999999999999999,
          0.8999999999999999,
          -1.0,
          -1.0,
          0.8999999999999999,
          -1.0,
          0.8999999999999999,
          -1.0,
          0.8999999999999999,
          -1.0
        ],
        "pnl_history": [
          -1.6000000000000023,
          -2.6000000000000023,
          -1.7000000000000024,
          -0.8000000000000025,
          0.09999999999999742,
          -0.9000000000000026,
          -1.9000000000000026,
          -2.9000000000000026,
          -2.0000000000000027,
          -1.1000000000000028,
          -0.20000000000000284,
          -1.2000000000000028,
          -2.200000000000003,
          -1.300000000000003,
          -2.300000000000003,
          -1.400000000000003,
          -0.5000000000000031,
          -1.500000000000003,
          -2.500000000000003,
          -3.500000000000003,
          -2.600000000000003,
          -1.7000000000000033,
          -0.8000000000000034,
          -1.8000000000000034,
          -2.8000000000000034,
          -3.8000000000000034,
          -2.9000000000000035,
          -2.0000000000000036,
          -1.1000000000000036,
          -2.1000000000000036,
          -3.1000000000000036,
          -4.100000000000003,
          -3.2000000000000033,
          -2.3000000000000034,
          -1.4000000000000035,
          -2.4000000000000035,
          -3.4000000000000035,
          -4.400000000000004,
          -3.500000000000004,
          -2.600000000000004,
          -3.600000000000004,
          -2.700000000000004,
          -3.700000000000004,
          -2.8000000000000043,
          -3.8000000000000043,
          -2.9000000000000044,
          -3.9000000000000044,
          -3.0000000000000044,
          -4.000000000000004,
          -3.1000000000000045,
          -4.100000000000005,
          -3.200000000000005,
          -4.200000000000005,
          -3.3000000000000047,
          -4.300000000000004,
          -3.4000000000000044,
          -4.400000000000004,
          -3.500000000000004,
          -4.5000000000000036,
          -3.6000000000000036,
          -4.600000000000003,
          -3.7000000000000033,
          -4.700000000000003,
          -3.800000000000003,
          -4.8000000000000025,
          -3.9000000000000026,
          -4.900000000000002,
          -4.000000000000002,
          -5.000000000000002,
          -4.100000000000001,
          -3.2000000000000015,
          -4.200000000000001,
          -5.200000000000001,
          -6.200000000000001,
          -5.300000000000001,
          -4.4,
          -3.5000000000000004,
          -4.5,
          -5.5,
          -4.6,
          -5.6,
          -4.699999999999999,
          -3.7999999999999994,
          -4.799999999999999,
          -5.799999999999999,
          -4.899999999999999,
          -3.9999999999999987,
          -4.999999999999998,
          -5.999999999999998,
          -6.999999999999998,
          -6.099999999999998,
          -5.1999999999999975,
          -6.1999999999999975,
          -7.1999999999999975,
          -6.299999999999997,
          -7.299999999999997,
          -6.399999999999997,
          -7.399999999999997,
          -6.4999999999999964,
          -7.4999999999999964
        ],
        "sharpe": -0.073,
        "sortino": -0.069,
        "max_drawdown": -76.0,
        "weight": 0.36
      }
    },
    "test_league_2": {
      "OVER": {
        "bets": 150,
        "wins": 75,
        "profit": -7.4999999999999964,
        "roi": -0.05,